topic,messages_in_buffer,messages_ever_sent
gracedb.cbc_mbta_lowmass,0,0
gracedb.burst_olib_allsky,0,169
gracedb.cbc_spiir_mdc,0,1
gracedb.external_fermi_subgrbtargeted,0,27790
gracedb-playground.burst_mly_allsky,6979,17065
gracedb-test01.test_mly_bbh,0,0
gracedb-playground.test_snews_grb,0,0
gracedb-test01.burst_mly_mdc,0,0
gracedb.cbc_pycbc_mdc,0,1
gracedb-playground.burst_cwb_allsky,1896,78712
gracedb.cbc_spiir_allsky,0,45727
gracedb-playground.test_snews_supernova,0,0
lvalert-dev.test_swift_subgrb,0,0
gracedb-test01.cbc_gstlal_earlywarning,970,1153
gracedb-test.cbc_gstlal_earlywarning,0,32541
lvalert-dev.cbc_gstlal_allsky,9,18
gracedb.test_fermi_subgrb,0,443
gracedb-playground.test_spiir_earlywarning,0,3952
lvalert-test.cbc_mbtaonline,0,0
gracedb-test.test_gstlal_earlywarning,0,0
lvalert-test.test_pycbc_allsky,0,0
gracedb-test.burst_olib_mdc,0,0
gracedb-test.test_fermi,0,2379
gracedb.cbc_mbtaonline_mdc,0,1
gracedb-test.cbc_gstlal_allsky,0,725843
lvk-users.rontest,0,0
gracedb.test_integral_subgrbtargeted,0,1
gracedb-test.external_agile_subgrb,0,0
gracedb-playground.external_integral_grb,309,29552
gracedb-playground.external_swift_subgrb,0,0
gracedb-test01.test_swift_subgrb,0,0
gracedb.burst_cwb_bbh,0,19531
gracedb-test.test_snews,23,415
lvalert-test.cbc_pycbc_earlywarning,0,0
gracedb-playground.test_spiir_highmass,0,3739
lvalert-dev.test_integral_subgrbtargeted,0,0
hermes.discovery,0,2
gracedb-test.test_snews_supernova,10,405
gracedb-test.burst_cwb_bbh,0,1007
gracedb-test.burst_olib,0,359
gracedb-test.test_aframe_allsky,0,0
lvalert-dev.test_integral_subgrb,0,0
gracedb-test.test_cwb_imbh,0,21
gracedb-test01.cbc_mbta_mdc,0,433
gracedb-playground.test_integral_subgrb,0,0
gracedb-playground.burst_mly_bbh,0,0
lvalert-dev.test_pycbc,0,0
gracedb-playground.burst_cwb_bbh,482,76663
gracedb-playground.burst_mly_mdc,0,10
gracedb-playground.test_mly_bbh,0,0
gracedb-test.test_mbta_allsky,0,214
gracedb-test01.test_integral_grb,580,16630
lvalert-dev.mdc_superevent,0,567
gracedb-playground.test_spiir,48372,485888
gcn.notice,41239,861368
snews.alert-test,0,3016
lvalert-test.external_snews_grb,0,0
gracedb-playground.test_swift_subgrb,0,0
snex.test,0,0
gracedb-playground.test_cwb_allsky,319,26744
gracedb-test.cbc_spiir_allsky,0,56352
gracedb-playground.cbc_pycbc,119885,2709075
gracedb-test.cbc_pygrb,0,2
gracedb.test_gstlal_lowmass,0,299
gracedb.external_agile_subgrbtargeted,0,1
gracedb.cbc_mbta_earlywarning,0,12846
gracedb-playground.external_agile,5263,62921
gracedb-test01.external_snews_grb,0,0
gracedb.mdc_superevent,60970,844175
hermes.message,0,515
gracedb-test01.test_spiir_allsky,0,2
gracedb.cbc_pycbc_earlywarning,0,26179
lvalert-dev.burst_cwb_imbh,0,0
gracedb-test01.test_agile,0,0
gracedb-test.test_spiir_highmass,0,2030
gracedb.burst_mly,0,1
gracedb-test.burst_mly_bbh,0,0
gracedb.test_snews_subgrb,0,1
lvalert-test.cbc_gstlal_mdc,0,0
gracedb-test.cbc_pycbc_allsky,0,10799
lvalert-dev.external_fermi_subgrb,0,0
gracedb-test.burst_olib_allsky,0,316
gracedb-test.external_snews_grb,0,0
gracedb-test.external_fermi_subgrbtargeted,0,0
gracedb-playground.cbc_pycbc_earlywarning,6684,259084
gracedb-test01.external_agile_grb,0,69
gracedb-playground.burst_olib,0,5451
gracedb-test.external_agile_subgrbtargeted,0,0
lvalert-test.external_swift_subgrb,0,0
lvalert-test.test_cwb_allsky,0,0
gracedb-test.test_mbtaonline_allsky,0,0
gracedb.cbc_gstlal_allsky,0,291719
gracedb-playground.cbc_aframe_allsky,1106,2126
gracedb.test_spiir,0,11
lvalert-dev.test_snews_supernova,0,0
gracedb-playground.cbc_mbta_ssm,0,18227
lvalert-test.test_integral_subgrbtargeted,0,0
gracedb.test_integral_subgrb,0,1
gracedb-test01.test_cwb_mdc,0,0
lvalert-dev.test_snews_grb,0,0
gracedb-playground.cbc_gstlal_mdc,61597,2480085
gracedb-test.test_swift_subgrb,0,0
lvk-emfollow.gwalert-playground,0,0
gracedb.test_snews_grb,0,1
lvalert-test.cbc_pycbc,0,0
gracedb-test.burst_cwb_imbh,0,0
gracedb-playground.burst_olib_mdc,0,5
lvalert-test.burst_cwb_bbh,0,0
lvalert-dev.external_agile_subgrb,0,0
gracedb-playground.external_agile_grb,0,36514
gracedb.test_agile,0,1
gracedb.external_swift_mdc,2466,33174
lvalert-dev.test_pycbc_allsky,0,0
lvalert-test.external_agile_grb,0,0
lvalert-test.test_mbtaonline,0,0
rubin.testing-alert,0,0
lvalert-test.external_agile_subgrbtargeted,0,0
icecube.HE-tracks,2,11
gracedb-test.test_gstlal_lowmass,0,53311
lvalert-dev.test_gstlal_earlywarning,0,0
gracedb.test_gstlal_allsky,82,623
gracedb-test01.cbc_mbtaonline_mdc,1,35
lvalert-dev.test_cwb_allsky,0,0
gracedb-test01.external_snews_subgrb,0,0
gracedb-playground.test_integral_grb,0,0
lvalert-test.cbc_spiir_earlywarning,0,0
llama.test,0,9994
gracedb-playground.external_integral_subgrbtargeted,0,0
gracedb-playground.cbc_mbtaonline,0,143592
gracedb.test_agile_subgrb,0,1
lvalert-test.burst_cwb_allsky,0,0
gracedb-test01.test_fermi_subgrb,0,333
gracedb-test.benchmarking,0,117
gracedb-playground.cbc_pycbc_ssm,0,0
gracedb-test01.test_gstlal_allsky,0,11
lvalert-dev.cbc_gstlal,18,22
gracedb-test.burst_cwb,120,7046
gracedb-test.external_fermi,7022,146821
gracedb-playground.cbc_mbta_mdc,0,707
lvalert-test.external_swift,0,0
lvalert-dev.test_gstlal,369,39653
gracedb-test.external_agile_mdc,284,23418
gracedb-playground.external_snews,748,7785
lvalert-dev.burst_cwb_bbh,0,0
lvalert-dev.test_swift,0,0
gracedb-playground.cbc_gstlal_allsky,298216,5761609
lvalert-test.external_fermi_subgrb,0,0
gracedb.external_swift_subgrb,0,1
igwn.gwalert,2252,36514
gracedb-playground.test_aframe_allsky,0,0
gracedb-playground.test_mbta_allsky,0,51
gracedb-test.cbc_mbta_earlywarning,0,341
lvalert-test.test_fermi,0,0
gracedb-test01.external_fermi_subgrb,9,162
lvalert-dev.test_mbtaonline_allsky,0,0
gracedb-test.cbc_aframe_allsky,0,50
igwn.gwalert-playground,10974,196255
snews.experiments-firedrill,265,4439
amon.test,0,663
lvalert-dev.burst_mly,0,0
lvalert-test.test_agile,0,0
lvalert-dev.test_mly_mdc,0,0
gracedb-test.test_integral,1465,22584
snews.experiments,0,0
demo.test,0,0
gracedb.test_swift_subgrb,0,1
gracedb-test01.cbc_pycbc,16658,21272
gracedb-playground.external_agile_subgrbtargeted,0,0
gracedb-test01.external_agile_subgrbtargeted,0,0
gracedb-test01.test_mbtaonline_allsky,0,1
lvalert-test.test_integral_subgrb,0,0
gracedb-test.cbc_mbta_ssm,0,260
lvalert-test.external_fermi_subgrbtargeted,0,0
gracedb-test01.mdc_superevent,24114,450241
lvalert-test.test_snews_supernova,0,0
gracedb-test.external_integral,551,26301
gracedb-test.external_snews_mdc,414,8459
lvalert-dev.test_pycbc_earlywarning,0,0
gracedb-test.external_swift,4438,43419
gracedb-test01.cbc_mbta,3101,4775
gracedb.test_mly_bbh,0,1
gracedb.cbc_mbta,0,47525
lvalert-test.cbc_mbtaonline_allsky,0,0
lvalert-dev.cbc_spiir_earlywarning,0,0
gracedb.external_swift_subgrbtargeted,0,0
gracedb.test_pycbc,0,12
gracedb-playground.test_agile_subgrbtargeted,0,0
lvalert-dev.cbc_spiir_mdc,0,0
gcn.circular,183,6598
lvalert-test.test_pycbc_earlywarning,0,0
gracedb-playground.test_mly_mdc,0,0
gracedb-playground.test_spiir_allsky,28906,430303
lvalert-dev.test_superevent,1209,125232
lvalert-dev.test_integral_grb,0,0
gracedb.test_swift,0,1
gracedb.burst_cwb_allsky,0,17217
lvalert-dev.external_fermi_grb,0,0
gracedb.burst_cwb_imbh,0,1
gracedb-test01.superevent,77336,98369
gracedb-playground.burst_cwb,11405,167283
gracedb-playground.external_swift_mdc,2752,36706
gracedb.cbc_pycbc_allsky,0,27283
gracedb-playground.test_gstlal_allsky,0,9032
gracedb-test.burst_cwb_allsky,0,4980
gracedb-playground.cbc_mbta_allsky,0,1063469
gracedb-test.test_agile_subgrb,0,0
gracedb-playground.test_olib,0,0
gracedb-test.test_agile_subgrbtargeted,0,0
gracedb-test01.external_agile_subgrb,0,0
gracedb.cbc_spiir_earlywarning,0,32820
gracedb-playground.test_cwb_imbh,0,0
gracedb-test.cbc_pycbc_ssm,0,0
gracedb.burst_mly_mdc,0,1
gracedb.cbc_pycbc,0,53469
gracedb-test.cbc_spiir_earlywarning,0,36
gracedb.test_mbta_earlywarning,0,0
gracedb-test01.external_integral_subgrb,0,0
igwn.gwalert-minikube,0,581
gracedb-playground.external_fermi_mdc,1215,85770
lvalert-dev.test_snews_subgrb,0,0
lvalert-dev.cbc_mbtaonline_mdc,0,0
gracedb-test01.test_gstlal,0,3116
gracedb-playground.mdc_superevent,68013,1558830
lvk-users.beccatest,0,0
gracedb-playground.external_agile_subgrb,0,0
gracedb.test_fermi,0,454
lvalert-test.external_snews,0,0
gracedb-test01.cbc_pycbc_allsky,15572,18786
gracedb-test01.external_swift_subgrb,0,0
lvalert-dev.external_snews_subgrb,0,0
gracedb-test.test_gstlal_allsky,231,423362
lvalert-test.test_gstlal,0,0
lvalert-dev.test_integral,0,0
gracedb-test.test_mbta,0,273
gracedb-test.test_aframe,0,0
gracedb.test_integral,1512,16345
gracedb-playground.external_agile_mdc,3080,24236
snews.connection-testing,23,213
gracedb-test01.external_fermi_grb,584,8412
lvalert-dev.external_agile,0,0
gracedb.external_fermi_mdc,4718,72459
gracedb.external_snews_mdc,738,7624
gracedb-playground.cbc_pycbc_allsky,54579,2402823
gracedb.external_integral,1789,18444
gracedb.test_olib_allsky,0,0
lvalert-test.test_integral,0,0
gracedb-test01.test_cwb_bbh,0,6
gracedb-test01.test_agile_subgrb,0,0
gracedb-playground.cbc_gstlal,710773,10673817
gracedb-test01.test_agile_grb,0,0
gracedb.burst_olib,0,170
gracedb-test01.test_snews_subgrb,0,0
lvalert-test.external_integral,0,0
lvk-emfollow.gwalert-test,0,1194
gracedb-playground.test_pycbc_allsky,0,18397
lvalert-test.cbc_pycbc_mdc,0,0
snews.testing,107,103149
lvalert-test.test_superevent,0,0
gracedb.test_mly_allsky,0,1
hermes.spectroscopy,0,1
gracedb-playground.external_integral,572,47510
gracedb-test01.burst_cwb_imbh,0,120
gracedb-test01.external_fermi_subgrbtargeted,0,121
gracedb-test01.external_integral_grb,0,106
lvalert-test.test_pycbc,0,0
lvalert-test.external_agile_subgrb,0,0
gracedb.external_snews,760,7620
gracedb.test_mbta_allsky,0,1
lvk-emfollow.gwalert-minikube,0,0
gracedb-test01.burst_olib_allsky,0,5
lvalert-dev.superevent,26,43
gracedb-test01.cbc_spiir_earlywarning,0,11
gracedb.test_swift_grb,0,1
gracedb.burst_cwb,0,36762
gracedb-playground.test_swift,0,0
lvalert-dev.external_fermi_subgrbtargeted,0,0
gracedb-test01.test_integral_subgrb,0,0
lvalert-test.cbc_gstlal,0,0
gracedb-playground.test_mly_allsky,0,20
gracedb-test01.burst_mly_bbh,0,0
gracedb-playground.test_spiir_lowmass,10,24177
circuses-demo.dev_tom,0,0
gracedb.test_cwb_imbh,0,1
gracedb-test.external_integral_mdc,462,19474
hermes.photometry,0,3
hermes.astrometry,0,0
lvalert-test.external_integral_subgrb,0,0
tomtoolkit.test,0,0
gracedb-test01.burst_mly_allsky,862,862
microlensing.anomaly,0,0
gracedb.external_snews_grb,0,1
gracedb.test_cwb_bbh,0,1
lvalert-dev.external_snews_grb,0,0
gracedb-playground.cbc_spiir_mdc,0,1138
gracedb-test.cbc_mbta_allsky,0,178343
lvalert-dev.test_mly,0,0
demo.heartbeat,0,0
gracedb-test01.burst_mly,864,864
rubin.testing,0,0
lvalert-dev.test_cwb_bbh,0,0
gracedb-playground.superevent,342717,11192328
gracedb-test01.test_spiir_earlywarning,0,0
lvalert-dev.test_agile_grb,0,0
gracedb-test01.external_integral_subgrbtargeted,0,0
rubin.testing_alert,0,0
gracedb.cbc_mbta_ssm,0,19531
gracedb-test.external_fermi_subgrb,9,173
gracedb.test_mbtaonline_allsky,0,1
gracedb-test.test_mbta_lowmass,0,0
gracedb.external_fermi,6482,127176
snews.experiments-test,4691,70489
lvalert-dev.external_integral_subgrbtargeted,0,0
gracedb.test_integral_grb,1501,16342
lvalert-dev.test_agile,0,0
gracedb-test.external_swift_subgrb,0,0
lvalert-dev.external_integral_subgrb,0,0
gracedb-test.test_pycbc,0,569
lvalert-dev.cbc_pycbc_allsky,0,6
gracedb-playground.test_gstlal_lowmass,0,524
lvalert-test.test_spiir_allsky,0,0
gracedb-test.cbc_pycbc_earlywarning,0,1391
lvalert-test.test_fermi_subgrb,0,0
gracedb.cbc_mbta_allsky,0,14319
gracedb-playground.cbc_gstlal_earlywarning,24080,1103589
gracedb.external_integral_subgrb,0,1
gracedb-test01.test_gstlal_lowmass,0,0
gracedb-test.test_spiir,1,15805
gracedb.test_mly_mdc,0,1
gracedb.cbc_gstlal_mdc,6413,94997
gracedb-test01.burst_cwb_bbh,1155,2280
gracedb.test_agile_subgrbtargeted,0,1
lvalert-test.test_agile_subgrb,0,0
lvalert-dev.external_integral_grb,0,0
gracedb-playground.external_integral_mdc,45,17697
gracedb-test01.test_cwb_allsky,0,1
lvalert-test.burst_cwb_mdc,0,0
gracedb-test.test_agile_grb,0,0
gracedb-test01.test_snews_grb,0,0
lvalert-test.cbc_spiir_allsky,0,0
lvalert-dev.test_mly_bbh,0,0
gracedb-test.external_integral_subgrbtargeted,0,0
gracedb-playground.cbc_mbtaonline_allsky,0,143584
gracedb-test01.burst_cwb_mdc,0,733
gracedb.test_agile_grb,0,1
gracedb.cbc_gstlal_earlywarning,0,143713
gracedb-test01.cbc_mbtaonline_allsky,0,375
lvalert-dev.external_snews_supernova,0,0
gracedb-playground.test_swift_grb,0,0
gracedb-test.test_fermi_subgrb,0,1180
gracedb.external_agile_mdc,1629,17285
lvalert-test.cbc_spiir_mdc,0,0
lvalert-test.test_gstlal_allsky,0,0
lvalert-test.test_spiir,0,0
gracedb.external_integral_subgrbtargeted,0,1
gracedb-test01.test_mly_mdc,0,0
gracedb-test01.test_mly,0,0
gracedb-playground.burst_olib_allsky,0,5446
gracedb-test01.test_snews,10,123
lvalert-dev.external_agile_subgrbtargeted,0,0
gracedb.external_agile,1618,17322
lvalert-test.mdc_superevent,0,0
gracedb-test.burst_mly,2,21292
gracedb-test.test_fermi_grb,0,1196
lvalert-test.test_gstlal_earlywarning,0,0
gracedb.burst_mly_allsky,0,1
gracedb-test.test_cwb,0,506
gracedb-playground.external_swift_grb,247,66194
gracedb-playground.cbc_mbta_earlywarning,0,2952
gracedb-playground.test_aframe,0,0
gracedb-playground.test_superevent,0,3338
gracedb.test_pycbc_allsky,0,1
gracedb-test01.cbc_gstlal,85345,836035
lvalert-dev.external_integral,0,0
gracedb-test.test_mbta_earlywarning,0,0
gracedb-test01.test_swift_grb,0,0
sys.heartbeat,2590397,24864711
hermes.test,24,2408
gracedb-test.external_fermi_grb,898,20241
gracedb-test.test_integral_subgrbtargeted,0,0
igwn.gwalert-test,2184,42199
lvalert-test.external_fermi,0,0
gracedb.external_integral_mdc,1769,17040
gracedb-test.external_agile,1236,24765
lvalert-dev.heartbeat,0,0
gracedb.cbc_gstlal_ssm,0,107251
gracedb-playground.external_swift_subgrbtargeted,4531,21343
gracedb-test.external_integral_grb,0,6448
gracedb-playground.test_fermi_grb,0,20
gracedb-playground.test_cwb,1645,33054
gracedb-test.cbc_mbta_mdc,0,869
gracedb.test_cwb,0,3
gracedb-test01.cbc_spiir,0,2080
gracedb-test01.test_fermi_grb,0,0
lvalert-test.cbc_pycbc_allsky,0,0
lvalert-dev.burst_mly_bbh,0,0
gracedb-test.cbc_mbtaonline_mdc,0,1
lvalert-dev.external_swift,0,0
lvalert-test.test_snews_grb,0,0
gracedb-test.test_integral_grb,888,21979
gracedb-test01.burst_olib_mdc,0,0
gracedb-test01.external_snews_supernova,0,0
lvalert-test.superevent,0,0
gracedb-test.test_integral_subgrb,0,0
lvalert-test.cbc_mbtaonline_mdc,0,0
lvalert-test.test_cwb,0,0
gracedb-test.test_hardwareinjection,0,5
gracedb-test01.test_cwb,0,139
gracedb.test_gstlal,92,1027
gracedb.external_snews_subgrb,0,1
gracedb-test01.external_fermi,3766,47908
lvalert-test.cbc_spiir,0,0
gracedb-test01.test_cwb_imbh,0,1
gracedb-playground.test_pycbc,0,30318
lvalert-test.cbc_gstlal_earlywarning,0,0
gracedb-playground.test_cwb_bbh,0,4984
gracedb-playground.external_fermi_subgrb,356,19884
gracedb-test.superevent,1839,664874
lvalert-dev.burst_cwb_allsky,0,0
gracedb-playground.test_agile_grb,0,0
gracedb-test.cbc_gstlal_ssm,0,0
gracedb.external_agile_subgrb,0,1
gracedb.test_spiir_allsky,0,1
gracedb-test.test_cwb_bbh,0,24
sys.archive-ingest-test,0,0
lvalert-test.test_snews,0,0
gracedb-test.test_spiir_lowmass,0,258
gracedb.test_cwb_allsky,0,1
gracedb.test_mbta,0,2
gracedb-playground.cbc_aframe,1867,2892
lvalert-dev.test_fermi_subgrbtargeted,0,0
lvalert-dev.external_agile_grb,0,0
gracedb-playground.external_snews_grb,0,0
lvalert-dev.cbc_pycbc_mdc,0,0
gracedb-test.test_spiir_earlywarning,0,0
gracedb-test01.test_mbta,0,0
gracedb-test01.test_gstlal_earlywarning,0,0
gracedb.external_swift_grb,41,1188
gracedb-playground.external_swift,12099,136730
gracedb-test.test_spiir_allsky,0,10136
gracedb-playground.external_snews_mdc,442,7449
gracedb-test01.test_pycbc_allsky,0,2
lvalert-test.external_agile,0,0
gracedb.test_pycbc_earlywarning,0,1
gracedb-playground.external_fermi_grb,2277,152611
gracedb-test.test_pycbc_allsky,0,149
gracedb.test_snews,19,212
lvalert-dev.cbc_mbtaonline_allsky,0,0
gracedb-test.burst_cwb_mdc,0,941
gracedb-test.cbc_mbta,831,295758
microlensing.test,0,0
amon.nuem,0,14
gracedb-test.test_mly_bbh,0,0
lvalert-test.cbc_gstlal_allsky,0,0
gracedb-test01.test_spiir,0,11
lvalert-dev.cbc_gstlal_earlywarning,0,0
gracedb-test.test_swift,0,0
gracedb-playground.cbc_pycbc_mdc,0,1391
gracedb-test01.test_integral,581,16728
lvalert-dev.cbc_pycbc_earlywarning,0,0
gracedb-test01.test_fermi,0,333
gracedb-playground.test_gstlal_earlywarning,0,0
gracedb-test01.test_pycbc_earlywarning,0,0
igwn.gwalert-test01,2898,12308
gracedb.external_fermi_subgrb,18,190
snews.alert-firedrill,26,704
gracedb-test01.cbc_spiir_mdc,0,403
gracedb-test.test_spiir_allskylong,0,804
gracedb-test01.external_swift,336,13945
lvalert-test.test_agile_grb,0,0
gracedb-playground.test_agile,0,0
gracedb-test01.burst_cwb,2705,5546
gracedb-test.test_mbtaonline,0,4910
gracedb-test01.external_integral,66,8956
lvalert-dev.cbc_pycbc,3,9
lvalert-test.test_fermi_subgrbtargeted,0,0
circuses-demo.alert-integration-source,0,0
gracedb-test.test_mly_allsky,0,11
gracedb-test.cbc_spiir,0,57231
gracedb-test.test_mly,0,11
gracedb.test_fermi_grb,0,11
gracedb-test.external_chime,0,1
lvalert-test.external_swift_grb,0,0
gracedb-test.test_fermi_subgrbtargeted,0,0
gracedb-playground.test_fermi_subgrb,0,0
gracedb-playground.test_olib_allsky,0,0
gracedb-test.burst_mly_allsky,0,21269
gracedb-test.test_snews_grb,0,0
gracedb-test.external_integral_subgrb,0,0
lvalert-dev.test_fermi_subgrb,0,0
lvalert-dev.test_spiir_earlywarning,0,0
gracedb-playground.cbc_spiir_allsky,0,123467
gracedb-test01.cbc_spiir_allsky,0,1665
gracedb-test.external_fermi_mdc,3111,92629
lvalert-dev.cbc_mbtaonline,0,0
gracedb-playground.test_mbtaonline_allsky,0,0
sys.test,0,0
lvalert-dev.test_fermi,10,10
gracedb-test.cbc_pycbc_mdc,0,1093
gracedb-playground.test_snews_subgrb,0,0
gracedb.external_agile_grb,0,39
lvalert-dev.test_gstlal_allsky,0,25219
lvalert-test.external_integral_subgrbtargeted,0,0
lvalert-test.test_mbtaonline_allsky,0,0
gracedb-test.external_chime_frb,0,1
gracedb-test01.burst_cwb_allsky,1543,2406
lvalert-dev.test_mly_allsky,0,0
gracedb.test_spiir_earlywarning,0,1
gracedb-test01.test_swift,0,0
lvalert-dev.burst_cwb,0,0
gracedb-playground.test_gstlal,11,9778
lvalert-dev.external_swift_subgrb,0,0
gracedb-playground.burst_mly,15181,25278
gracedb.external_snews_supernova,0,1
gracedb-test01.test_mly_allsky,0,0
gracedb-playground.cbc_mbtaonline_mdc,0,0
lvalert-test.external_fermi_grb,0,0
gracedb-test.burst_mly_mdc,0,19
gracedb.external_swift,2510,34403
gracedb-test01.test_fermi_subgrbtargeted,0,0
gracedb-playground.cbc_spiir_earlywarning,0,13293
lvalert-dev.test_agile_subgrbtargeted,0,0
gracedb-test.external_swift_grb,90,2008
gracedb-playground.test_agile_subgrb,0,0
gracedb-test.external_swift_mdc,2653,38904
gracedb-playground.test_fermi_subgrbtargeted,0,0
gracedb-playground.cbc_gstlal_ssm,175102,1176040
gracedb-playground.test_integral_subgrbtargeted,0,0
gracedb-test.cbc_gstlal_mdc,63842,2204307
lvalert-test.burst_cwb_imbh,0,0
gracedb-test.cbc_aframe,0,50
circuses-demo.alert-integration-results,0,0
gracedb-test.test_swift_grb,0,0
lvk-emfollow.gwalert-test01,0,0
gracedb.test_snews_supernova,20,208
gracedb-test.external_snews_subgrb,0,0
gracedb-test.test_gstlal,793,521754
gracedb.test_mly,0,1
lvalert-dev.cbc_gstlal_mdc,0,0
gracedb-test.cbc_pycbc,0,13582
gracedb-playground.burst_cwb_mdc,0,1301
lvalert-dev.external_fermi,1,1
gracedb-playground.test_integral,0,0
lvalert-test.test_swift_subgrb,0,0
sys.heartbeat-cit,2496096,36889756
gracedb-playground.external_snews_subgrb,0,0
gracedb.cbc_mbtaonline,0,1
gracedb.superevent,3,283554
lvalert-dev.external_snews,0,0
lvalert-test.test_swift_grb,0,0
gracedb-test01.test_agile_subgrbtargeted,0,0
circuses-demo.demo,0,0
gracedb-test01.test_mbta_allsky,0,0
sys.heartbeat-psu,0,0
gracedb-playground.test_pycbc_earlywarning,0,11642
lvalert-dev.test_fermi_grb,0,0
gracedb-test01.test_superevent,0,0
gracedb-playground.cbc_mbta_lowmass,0,23492
gracedb-test.cbc_gstlal,105355,3100524
lvalert-test.external_snews_supernova,0,0
rubin.testing-schema,0,0
snews.alert,0,0
gracedb-test01.burst_olib,0,5
snews.mma-external,0,0
gracedb-test01.cbc_gstlal_mdc,40678,786045
lvalert-dev.external_swift_grb,0,0
cmb-s4-fabric-tests.phase-one-testing,0,0
gracedb-test.cbc_spiir_mdc,0,847
lvalert-test.test_swift,0,0
gracedb-test.external_agile_grb,0,188
bad-medicine.poison,0,0
cmb-s4-fabric-tests.housekeeping-test,0,0
lvalert-test.external_integral_grb,0,0
gracedb.test_mbtaonline,0,3
gracedb-playground.cbc_mbta,30916,1260543
lvalert-dev.burst_cwb_mdc,0,0
gracedb-test01.external_snews,306,3855
gracedb-playground.external_fermi,16579,307377
gracedb.external_fermi_grb,1361,26721
gracedb-test01.cbc_mbtaonline,2,415
gracedb-test01.external_swift_grb,191,758
gracedb.test_fermi_subgrbtargeted,0,1
lvalert-dev.test_cwb_imbh,0,0
gracedb-playground.test_mly,0,20
gracedb.cbc_spiir,0,78546
lvalert-test.test_cwb_imbh,0,0
gracedb-playground.test_snews,0,0
gracedb-playground.test_mbta,0,51
lvalert-dev.test_cwb,2,2
gracedb-test01.test_pycbc,0,13
lvalert-test.test_spiir_earlywarning,0,0
gracedb-playground.external_snews_supernova,0,0
gracedb-test.test_snews_subgrb,0,0
gracedb-playground.test_mbta_earlywarning,0,0
gracedb-test.external_snews,775,8804
icecube.test_gfu_scrambled,17574,511191
lvalert-dev.burst_mly_allsky,0,0
gracedb-playground.external_integral_subgrb,0,0
gracedb.test_gstlal_earlywarning,0,1
gracedb.burst_olib_mdc,0,1
gracedb.test_olib,0,0
gracedb-playground.burst_cwb_imbh,0,1569
gracedb-test01.cbc_gstlal_allsky,43711,50800
gracedb-test.test_pycbc_earlywarning,0,0
sys.new-test,0,5
gracedb-test01.cbc_mbta_allsky,2973,4197
gracedb-playground.cbc_spiir,0,137907
gracedb-test.test_cwb_allsky,0,32
lvalert-dev.test_swift_grb,0,0
sys.heartbeatnew,0,0
gracedb-test01.test_snews_supernova,10,127
gracedb-test.test_superevent,439,50672
gracedb-test.cbc_pygrb_frb,0,2
lvalert-dev.test_snews,0,0
lvalert-dev.test_spiir,10,10
gracedb.cbc_gstlal,6610,637989
lvalert-dev.cbc_spiir_allsky,0,10
lvalert-test.test_cwb_bbh,0,0
gracedb.burst_mly_bbh,0,1
lvalert-dev.test_mbtaonline,2,2
gracedb-test.mdc_superevent,57846,1371392
lvalert-dev.test_agile_subgrb,0,0
gracedb.external_integral_grb,0,1393
gracedb-test.cbc_mbtaonline_allsky,0,497
gracedb-test.external_snews_supernova,0,0
gracedb-test01.test_mbtaonline,0,18
gracedb.burst_cwb_mdc,0,1
gracedb.test_superevent,0,567
lvalert-dev.cbc_spiir,0,10
gracedb-test01.external_agile,0,4659
gracedb.cbc_mbtaonline_allsky,0,1
gracedb-test01.cbc_pycbc_earlywarning,1088,1301
gracedb-playground.test_fermi,0,20
gracedb-test01.cbc_pycbc_mdc,0,1187
gracedb-test.external_swift_subgrbtargeted,0,0
gracedb-test.test_mly_mdc,0,0
gracedb-playground.external_fermi_subgrbtargeted,5337,38690
gracedb-test.cbc_mbtaonline,0,500
lvalert-test.test_fermi_grb,0,0
gracedb.cbc_mbta_mdc,0,1
gracedb-test01.test_integral_subgrbtargeted,0,0
gracedb-test.cbc_mbta_lowmass,0,5267
lvalert-test.test_agile_subgrbtargeted,0,0
icecube.test,0,107
lvk-emfollow.gwalert,0,0
lvalert-test.external_snews_subgrb,0,0
lvalert-dev.test_spiir_allsky,0,0
snews.mma-firedrill,0,0
lvalert-dev.burst_mly_mdc,0,0
gracedb-playground.test_mbtaonline,0,0
gracedb-test.test_agile,0,5
lvalert-test.test_integral_grb,0,0
